#import.sql file

insert into user (id, name, password, fullname ) values (1, 'admin', '$2a$10$vHb4EL9QUEYW3fmrIXGYZ.hUWhXbb7WW43GA1qrkKvqAjRM/PCJ3O', 'Administraator');
insert into user (id, name, password, fullname ) values (2, 'hacker', '$2a$10$CYeFKCHw1caas7deAphi0OrDP.IFUqUz9OgSt0aR2eTuJw0ePI/zC', 'Hacker');
insert into user (id, name, password, fullname ) values (3, 'hackatron', '$2a$10$IXrxzgFZ5lmBD0lYVbbhl.EfZWOsSJWcnWuSifn2Xs6M7/ypN0sQ.', 'Hackatron participiant');

insert into diner (id, created, name, description, picture ) values (1, '2014-09-16', 'Main house Daily', 'Biggest one in campus', '-1');
insert into menu (id, created, name, diner_id ) values (1, '2015-04-27', 'Monday menu', 1);
insert into diner_menu(diner_id, menu_id) values (1,1);
insert into menu_item(id, created, name, price, menu_id, foodType) values (1 ,'2015-04-26', 'Burger', 2.50, 1, 'MEAT');
insert into menu_item(id, created, name, price, menu_id, foodType) values (2 ,'2015-04-26', 'Solyanka', 1.50, 1, 'SOUP');
insert into menu_item(id, created, name, price, menu_id, foodType) values (3 ,'2015-04-26', 'Chicken pasta', 3.50, 1, 'MEAT');
insert into menu_item(id, created, name, price, menu_id, foodType) values (4 ,'2015-04-26', 'Chocolate cake', 1.50, 1, 'DESSERT');
insert into menu_menu_item(menu_id, menuItems_id) values (1, 1);
insert into menu_menu_item(menu_id, menuItems_id) values (1, 2);
insert into menu_menu_item(menu_id, menuItems_id) values (1, 3);
insert into menu_menu_item(menu_id, menuItems_id) values (1, 4);
insert into menu (id, created, name, diner_id) values (2, '2015-04-28','Tuesday', 1);
insert into diner_menu(diner_id, menu_id) values (1,2);
insert into menu_item(id, created, name, price, menu_id, foodType) values (5 ,'2015-04-26', 'Tomato soup', 2.50, 2, 'SOUP');
insert into menu_item(id, created, name, price, menu_id, foodType) values (6 ,'2015-04-26', 'Steak', 4, 2, 'MEAT');
insert into menu_menu_item(menu_id, menuItems_id) values (2,5);
insert into menu_menu_item(menu_id, menuItems_id) values (2,6);

insert into diner (id, created, name, description, picture ) values (2, '2014-09-16', 'SOC Rahvatoit', 'Rahvatoit diner in SOC building', 'pictureId1430047477391.jpg');
insert into menu (id, created, name, diner_id ) values (3, '2015-04-29', 'Wednesday', 2);
insert into diner_menu(diner_id, menu_id) values (2,3);

insert into menu_item(id, created, name, price, menu_id, foodType) values (7 ,'2015-04-26', 'Onion soup', 1.50, 3, 'SOUP');
insert into menu_item(id, created, name, price, menu_id, foodType) values (8 ,'2015-04-26', 'Meatballs', 2.50, 3, 'MEAT');
insert into menu_item(id, created, name, price, menu_id, foodType) values (9 ,'2015-04-26', 'Chicken pasta', 3.50, 3, 'MEAT');
insert into menu_item(id, created, name, price, menu_id, foodType) values (10 ,'2015-04-26', 'Napoleon cake', 1.50, 3, 'DESSERT');
insert into menu_menu_item(menu_id, menuItems_id) values (3, 7);
insert into menu_menu_item(menu_id, menuItems_id) values (3, 8);
insert into menu_menu_item(menu_id, menuItems_id) values (3, 9);
insert into menu_menu_item(menu_id, menuItems_id) values (3, 10);

insert into menu (id, created, name, diner_id ) values (4, '2015-04-30', 'Thursday', 2);
insert into diner_menu(diner_id, menu_id) values (2,4);

insert into menu_item(id, created, name, price, menu_id, foodType) values (11 ,'2015-04-26', 'Fried eggs', 1.50, 4, 'SOUP');
insert into menu_item(id, created, name, price, menu_id, foodType) values (12 ,'2015-04-26', 'Meatballs', 2.50, 4, 'MEAT');
insert into menu_item(id, created, name, price, menu_id, foodType) values (13 ,'2015-04-26', 'Chicken pasta', 3.50, 4, 'MEAT');
insert into menu_item(id, created, name, price, menu_id, foodType) values (14 ,'2015-04-26', 'Napoleon cake', 1.50, 4, 'DESSERT');
insert into menu_menu_item(menu_id, menuItems_id) values (4, 11);
insert into menu_menu_item(menu_id, menuItems_id) values (4, 12);
insert into menu_menu_item(menu_id, menuItems_id) values (4, 13);
insert into menu_menu_item(menu_id, menuItems_id) values (4, 14);

insert into image (name, data, filename) value ('pictureId1430047477391.jpg', 0xFFD8FFE000104A46494600010101006000600000FFE110F44578696600004D4D002A000000080004013B00020000000E0000084A8769000400000001000008589C9D00010000001C000010D0EA1C00070000080C0000003E000000001CEA00000008000000000000000000000000000000000000000000000000000000000000000000000000000000000000000000000000000000000000000000000000000000000000000000000000000000000000000000000000000000000000000000000000000000000000000000000000000000000000000000000000000000000000000000000000000000000000000000000000000000000000000000000000000000000000000000000000000000000000000000000000000000000000000000000000000000000000000000000000000000000000000000000000000000000000000000000000000000000000000000000000000000000000000000000000000000000000000000000000000000000000000000000000000000000000000000000000000000000000000000000000000000000000000000000000000000000000000000000000000000000000000000000000000000000000000000000000000000000000000000000000000000000000000000000000000000000000000000000000000000000000000000000000000000000000000000000000000000000000000000000000000000000000000000000000000000000000000000000000000000000000000000000000000000000000000000000000000000000000000000000000000000000000000000000000000000000000000000000000000000000000000000000000000000000000000000000000000000000000000000000000000000000000000000000000000000000000000000000000000000000000000000000000000000000000000000000000000000000000000000000000000000000000000000000000000000000000000000000000000000000000000000000000000000000000000000000000000000000000000000000000000000000000000000000000000000000000000000000000000000000000000000000000000000000000000000000000000000000000000000000000000000000000000000000000000000000000000000000000000000000000000000000000000000000000000000000000000000000000000000000000000000000000000000000000000000000000000000000000000000000000000000000000000000000000000000000000000000000000000000000000000000000000000000000000000000000000000000000000000000000000000000000000000000000000000000000000000000000000000000000000000000000000000000000000000000000000000000000000000000000000000000000000000000000000000000000000000000000000000000000000000000000000000000000000000000000000000000000000000000000000000000000000000000000000000000000000000000000000000000000000000000000000000000000000000000000000000000000000000000000000000000000000000000000000000000000000000000000000000000000000000000000000000000000000000000000000000000000000000000000000000000000000000000000000000000000000000000000000000000000000000000000000000000000000000000000000000000000000000000000000000000000000000000000000000000000000000000000000000000000000000000000000000000000000000000000000000000000000000000000000000000000000000000000000000000000000000000000000000000000000000000000000000000000000000000000000000000000000000000000000000000000000000000000000000000000000000000000000000000000000000000000000000000000000000000000000000000000000000000000000000000000000000000000000000000000000000000000000000000000000000000000000000000000000000000000000000000000000000000000000000000000000000000000000000000000000000000000000000000000000000000000000000000000000000000000000000000000000000000000000000000000000000000000000000000000000000000000000000000000000000000000000000000000000000000000000000000000000000000000000000000000000000000000000000000000000000000000000000000000000000000000000000000000000000000000000000000000000000000000000000000000000000000000000000000000000000000000000000000000000000000000000000000000000000000000000000000000000000000000000000000000000000000000000000000000000000000000000000000000000000000000000000000000000000000000000000000000000000000000000000000000000000000000000000000000000000000000000000000000000000000000000000000000000000000000000000000000000000000000000000000000000000000000000000000000000000000000000000000000000000000000000000000000000000000000000000000000000000000000000000000000000000000000000000000000000000000000000000000000000000000000000000000000000000000000000000000000000000000000000000000000000000000000000000000000000000000000000000000000000000000000000000000000000000000000000000000000000000000000000000000000000000000000000000000000000000000000000000000000000000000000000000000000000000000000000000000000000000000000000000000000000000000000000000000000000000000000000000000000000000000000000000000000000000056696B746F72205265696E6F6B0000059003000200000014000010A69004000200000014000010BA929100020000000331370000929200020000000331370000EA1C00070000080C0000089A000000001CEA000000080000000000000000000000000000000000000000000000000000000000000000000000000000000000000000000000000000000000000000000000000000000000000000000000000000000000000000000000000000000000000000000000000000000000000000000000000000000000000000000000000000000000000000000000000000000000000000000000000000000000000000000000000000000000000000000000000000000000000000000000000000000000000000000000000000000000000000000000000000000000000000000000000000000000000000000000000000000000000000000000000000000000000000000000000000000000000000000000000000000000000000000000000000000000000000000000000000000000000000000000000000000000000000000000000000000000000000000000000000000000000000000000000000000000000000000000000000000000000000000000000000000000000000000000000000000000000000000000000000000000000000000000000000000000000000000000000000000000000000000000000000000000000000000000000000000000000000000000000000000000000000000000000000000000000000000000000000000000000000000000000000000000000000000000000000000000000000000000000000000000000000000000000000000000000000000000000000000000000000000000000000000000000000000000000000000000000000000000000000000000000000000000000000000000000000000000000000000000000000000000000000000000000000000000000000000000000000000000000000000000000000000000000000000000000000000000000000000000000000000000000000000000000000000000000000000000000000000000000000000000000000000000000000000000000000000000000000000000000000000000000000000000000000000000000000000000000000000000000000000000000000000000000000000000000000000000000000000000000000000000000000000000000000000000000000000000000000000000000000000000000000000000000000000000000000000000000000000000000000000000000000000000000000000000000000000000000000000000000000000000000000000000000000000000000000000000000000000000000000000000000000000000000000000000000000000000000000000000000000000000000000000000000000000000000000000000000000000000000000000000000000000000000000000000000000000000000000000000000000000000000000000000000000000000000000000000000000000000000000000000000000000000000000000000000000000000000000000000000000000000000000000000000000000000000000000000000000000000000000000000000000000000000000000000000000000000000000000000000000000000000000000000000000000000000000000000000000000000000000000000000000000000000000000000000000000000000000000000000000000000000000000000000000000000000000000000000000000000000000000000000000000000000000000000000000000000000000000000000000000000000000000000000000000000000000000000000000000000000000000000000000000000000000000000000000000000000000000000000000000000000000000000000000000000000000000000000000000000000000000000000000000000000000000000000000000000000000000000000000000000000000000000000000000000000000000000000000000000000000000000000000000000000000000000000000000000000000000000000000000000000000000000000000000000000000000000000000000000000000000000000000000000000000000000000000000000000000000000000000000000000000000000000000000000000000000000000000000000000000000000000000000000000000000000000000000000000000000000000000000000000000000000000000000000000000000000000000000000000000000000000000000000000000000000000000000000000000000000000000000000000000000000000000000000000000000000000000000000000000000000000000000000000000000000000000000000000000000000000000000000000000000000000000000000000000000000000000000000000000000000000000000000000000000000000000000000000000000000000000000000000000000000000000000000000000000000000000000000000000000000000000000000000000000000000000000000000000000000000000000000000000000000000000000000000000000000000000000000000000000000000000000000000000000000000000000000000000000000000000000000000000000000000000000000000000000000000000000000000000000000000000000000000000000000000000000000000000000000000000000000000000000000000000000000000000000000000000000000000000000000000000000000000000000000000000000000000000000000000000000000000000000000000000000000000000000000000000000000000000000000000000000000000000000000000000000000000000000000000000000000000000000000000000000000000000000000000000000000000000000000000000000000000000000000000000323031353A30343A32362031333A32363A343900323031353A30343A32362031333A32363A3439000000560069006B0074006F00720020005200650069006E006F006B000000FFE10B20687474703A2F2F6E732E61646F62652E636F6D2F7861702F312E302F003C3F787061636B657420626567696E3D27EFBBBF272069643D2757354D304D7043656869487A7265537A4E54637A6B633964273F3E0D0A3C783A786D706D65746120786D6C6E733A783D2261646F62653A6E733A6D6574612F223E3C7264663A52444620786D6C6E733A7264663D22687474703A2F2F7777772E77332E6F72672F313939392F30322F32322D7264662D73796E7461782D6E7323223E3C7264663A4465736372697074696F6E207264663A61626F75743D22757569643A66616635626464352D626133642D313164612D616433312D6433336437353138326631622220786D6C6E733A64633D22687474703A2F2F7075726C2E6F72672F64632F656C656D656E74732F312E312F222F3E3C7264663A4465736372697074696F6E207264663A61626F75743D22757569643A66616635626464352D626133642D313164612D616433312D6433336437353138326631622220786D6C6E733A786D703D22687474703A2F2F6E732E61646F62652E636F6D2F7861702F312E302F223E3C786D703A437265617465446174653E323031352D30342D32365431333A32363A34392E3136373C2F786D703A437265617465446174653E3C2F7264663A4465736372697074696F6E3E3C7264663A4465736372697074696F6E207264663A61626F75743D22757569643A66616635626464352D626133642D313164612D616433312D6433336437353138326631622220786D6C6E733A64633D22687474703A2F2F7075726C2E6F72672F64632F656C656D656E74732F312E312F223E3C64633A63726561746F723E3C7264663A53657120786D6C6E733A7264663D22687474703A2F2F7777772E77332E6F72672F313939392F30322F32322D7264662D73796E7461782D6E7323223E3C7264663A6C693E56696B746F72205265696E6F6B3C2F7264663A6C693E3C2F7264663A5365713E0D0A0909093C2F64633A63726561746F723E3C2F7264663A4465736372697074696F6E3E3C2F7264663A5244463E3C2F783A786D706D6574613E0D0A202020202020202020202020202020202020202020202020202020202020202020202020202020202020202020202020202020202020202020202020202020202020202020202020202020202020202020202020202020202020202020202020202020200A202020202020202020202020202020202020202020202020202020202020202020202020202020202020202020202020202020202020202020202020202020202020202020202020202020202020202020202020202020202020202020202020202020200A202020202020202020202020202020202020202020202020202020202020202020202020202020202020202020202020202020202020202020202020202020202020202020202020202020202020202020202020202020202020202020202020202020200A202020202020202020202020202020202020202020202020202020202020202020202020202020202020202020202020202020202020202020202020202020202020202020202020202020202020202020202020202020202020202020202020202020200A202020202020202020202020202020202020202020202020202020202020202020202020202020202020202020202020202020202020202020202020202020202020202020202020202020202020202020202020202020202020202020202020202020200A202020202020202020202020202020202020202020202020202020202020202020202020202020202020202020202020202020202020202020202020202020202020202020202020202020202020202020202020202020202020202020202020202020200A202020202020202020202020202020202020202020202020202020202020202020202020202020202020202020202020202020202020202020202020202020202020202020202020202020202020202020202020202020202020202020202020202020200A202020202020202020202020202020202020202020202020202020202020202020202020202020202020202020202020202020202020202020202020202020202020202020202020202020202020202020202020202020202020202020202020202020200A202020202020202020202020202020202020202020202020202020202020202020202020202020202020202020202020202020202020202020202020202020202020202020202020202020202020202020202020202020202020202020202020202020200A202020202020202020202020202020202020202020202020202020202020202020202020202020202020202020202020202020202020202020202020202020202020202020202020202020202020202020202020202020202020202020202020202020200A202020202020202020202020202020202020202020202020202020202020202020202020202020202020202020202020202020202020202020202020202020202020202020202020202020202020202020202020202020202020202020202020202020200A202020202020202020202020202020202020202020202020202020202020202020202020202020202020202020202020202020202020202020202020202020202020202020202020202020202020202020202020202020202020202020202020202020200A202020202020202020202020202020202020202020202020202020202020202020202020202020202020202020202020202020202020202020202020202020202020202020202020202020202020202020202020202020202020202020202020202020200A202020202020202020202020202020202020202020202020202020202020202020202020202020202020202020202020202020202020202020202020202020202020202020202020202020202020202020202020202020202020202020202020202020200A202020202020202020202020202020202020202020202020202020202020202020202020202020202020202020202020202020202020202020202020202020202020202020202020202020202020202020202020202020202020202020202020202020200A202020202020202020202020202020202020202020202020202020202020202020202020202020202020202020202020202020202020202020202020202020202020202020202020202020202020202020202020202020202020202020202020202020200A202020202020202020202020202020202020202020202020202020202020202020202020202020202020202020202020202020202020202020202020202020202020202020202020202020202020202020202020202020202020202020202020202020200A202020202020202020202020202020202020202020202020202020202020202020202020202020202020202020202020202020202020202020202020202020202020202020202020202020202020202020202020202020202020202020202020202020200A202020202020202020202020202020202020202020202020202020202020202020202020202020202020202020202020202020202020202020202020202020202020202020202020202020202020202020202020202020202020202020202020202020200A202020202020202020202020202020202020202020202020202020202020202020202020202020202020202020202020202020202020202020202020202020202020202020202020202020202020202020202020202020202020202020202020202020200A202020202020202020202020202020202020202020202020202020203C3F787061636B657420656E643D2777273F3EFFDB00430007050506050407060506080707080A110B0A09090A150F100C1118151A19181518171B1E27211B1D251D1718222E222528292B2C2B1A202F332F2A32272A2B2AFFDB0043010708080A090A140B0B142A1C181C2A2A2A2A2A2A2A2A2A2A2A2A2A2A2A2A2A2A2A2A2A2A2A2A2A2A2A2A2A2A2A2A2A2A2A2A2A2A2A2A2A2A2A2A2A2A2A2A2A2AFFC0001108005B005A03012200021101031101FFC4001F0000010501010101010100000000000000000102030405060708090A0BFFC400B5100002010303020403050504040000017D01020300041105122131410613516107227114328191A1082342B1C11552D1F02433627282090A161718191A25262728292A3435363738393A434445464748494A535455565758595A636465666768696A737475767778797A838485868788898A92939495969798999AA2A3A4A5A6A7A8A9AAB2B3B4B5B6B7B8B9BAC2C3C4C5C6C7C8C9CAD2D3D4D5D6D7D8D9DAE1E2E3E4E5E6E7E8E9EAF1F2F3F4F5F6F7F8F9FAFFC4001F0100030101010101010101010000000000000102030405060708090A0BFFC400B51100020102040403040705040400010277000102031104052131061241510761711322328108144291A1B1C109233352F0156272D10A162434E125F11718191A262728292A35363738393A434445464748494A535455565758595A636465666768696A737475767778797A82838485868788898A92939495969798999AA2A3A4A5A6A7A8A9AAB2B3B4B5B6B7B8B9BAC2C3C4C5C6C7C8C9CAD2D3D4D5D6D7D8D9DAE2E3E4E5E6E7E8E9EAF2F3F4F5F6F7F8F9FAFFDA000C03010002110311003F00FA1A8A28A0028A28A0028A28A0028A28A0028A4C8DC464640C914B40051451400514514005145140051451400C9244862792560A88A5998F602B8DD4BC6772F91A746B0C7FC324832CDEE07415D5EA768D7DA65C5B23046950A827A035C42F85352BAD4A4468C4302B951231E368E981D4F15E1E6953189C61874F5EDFD6844B9BA1BDE0E6B8B9B4BABCBB7691E6940DCC7A851FFD7AE8EA0B2B48AC2CE2B68061235C0F7F7A9EBD3C2D2951A11849DDADFD7A949590514515D23395BDF87DA55FDF4F7735C5FAC93C8646093E0024E78E3A57333F83AC23F8816DA32DCDEFD965B233B1337CDBB730EB8E9C0AF50AE3AEFF00E4B1597FD82CFF00E86F484D0F8BE1BE8F14C922DCEA04A30600DC7A7E155F54D7F55D7F589744F08B2C4901C5DEA0C3843D30BFE727B6319AE8BC4B7AFA7786351BB84912476EC508ECD8C03F99AA1E04D323D37C1D63B1407B94171237762E323F4C0FC280F233D3E1B59CAA5F52D5B53BBB86FBD299B1F9020FEA4D55BAD13C41E10437BA06A33EA7671F32D8DD1DCDB7BED3FE183F5E95DED14582C66E83AE5AF887498EFACCFCADC3A13CC6DDD4D72BE11B61AC41E27B2BD966314B7EEA4AC8430E4F43DBA0A97C3F18D23E25EB3A5C1F2DB5D422ED13B2B64671FF007D37E4297E1EFF00C7DF88BFEC22FF00CCD0226FF8567A37FCFD6A3FF811FF00D6AE7FC21E0EB0D72C6FA6BDB9BD0D05EC902797363E550A4678EBC9AF50AE3BE1BFFC82755FFB0A4DFF00A0A503B2B9A7A1F846C3C3F7925CD94D7523BC7E59134BB86320F4C75E2B7A8A298C2B8EBBFF0092C565FF0060B3FF00A1BD7635CBDCD85D37C51B3BE5B790DAAE9C636980F9436E638CFAF228133635DD3CEABA05ED8AF0F3C2CA9FEF638FD71591E00D556FFC2F0DABFCB75603ECF344DD576F038FA0FCC1F4AE9EB92D6FC2976BAB1D73C2D72B67A891FBE89FFD5DC0F7F7FE7D783CD0075B48CC114B310AA064927A571A9E2CF12DB0315FF842E24997AB5B49946FD0FF003355AE2DFC59E301F67BD81742D2DFFD6AEFDD2C8BFDDFFF005803EBD2905C97C2B2FF006E78E759D7A2E6D11059C0FD9F18248FFBE41FF8152FC3DFF8FBF117FD845FF99AEAF4CD36D748D3A2B1B18FCB8621803B9F527D49AE7BC11A6DE69F73AEB5EDBBC226BF678CB8C6F5C9E47B73D6811D6571DF0DFF00E413AAFF00D8526FFD052BB1AE5FC09A7DDE9DA66A297D03C0D26A32C881C637290A01FA70698FA9D45145140C28A28A0028A28A0028A28A0028A28A0028A28A0028A28A0028A28A0028A28A0028A28A0028A28A0028A28A0028A28A00FFD9 , 'rahvatoit.jpg' );

